Campaign,IVR
AA AU Consumer Care,AA AU Consumer Care - Studio.five9ivr
AA CA Consumer Care,Five9_to_IVA - V3 - 20231211.five9ivr
AA Rental,AA Rental -beginning 12.5.22.five9ivr
AA Sanitaire Consumer Care,AA Sanitaire Consumer Care - Studio - EBS Maintenance.five9ivr
AA Sanitaire SVC Center,AA Sanitaire SVC Center V1.1 - Studio - EBS Maintenance.five9ivr
AA SVC Center,AA SVC Center - Studio - EBS Maintenance.five9ivr
AA US Connected,Five9_to_IVA - V3 - 20231211.five9ivr
AA US Consumer Care,Five9_to_IVA -EBS Maintenance.five9ivr
AA US Robotic Connected,IB US Other Products V3 - EBS Maintenance.five9ivr
AA Wayfair Support,IB Wayfair Support -EBS Maintenance.five9ivr
IB ADA Orders,IB US Vacuum Announcements - No QCB.five9ivr
IB ADA Support,IB US Vacuum Announcements - No QCB.five9ivr
IB AU Accounts,IB AU Accounts.five9ivr
IB AU Connected Troubleshooting,IB AU Connected Troubleshooting.five9ivr
IB AU Customer Service,IB AU Customer Service.five9ivr
IB AU Head Office,IB AU Head Office.five9ivr
IB AU Orders,IB AU Orders.five9ivr
IB CA Deep Cleaner Sales,IB CA QCB - Deep Cleaner Announcements.five9ivr
IB CA Deep Cleaners,IB CA QCB - Deep Cleaner Announcements.five9ivr
IB CA Other Products,IB CA QCB - Other Announcements.five9ivr
IB CA Other Products Sales,IB CA QCB - Other Announcements.five9ivr
IB CA Steam,IB CA QCB - Steam Announcements.five9ivr
IB CA Steam Sales,IB CA QCB - Steam Announcements.five9ivr
IB CA Vacuum Sales,IB CA QCB - Vacuum Announcements.five9ivr
IB CA Vacuums,IB CA QCB - Vacuum Announcements.five9ivr
IB Escalation AU,IB Escalations AU.five9ivr
IB Escalation BHI,IB Escalations BHI.five9ivr
IB Escalation TP,IB Escalations TP.five9ivr
IB NZ Orders,IB NZ Orders.five9ivr
IB Rental,IB Rental.five9ivr
IB Sanitaire Escalation,IB Queue - No QCB - No VM - No Announcements.five9ivr
IB Sanitaire Orders,IB Queue - No QCB - No VM - No Announcements.five9ivr
IB Sanitaire Other,IB Queue - No QCB - No VM - No Announcements.five9ivr
IB Sanitaire Products,IB Queue - No QCB - No VM - No Announcements.five9ivr
IB Sanitaire SVC Center Support,IB Sanitaire SVC Center Support.five9ivr
IB SVC Center Orders,IB SVC Center - No QCB - No VM.five9ivr
IB SVC Center Tech Support,IB SVC Center - No QCB - No VM.five9ivr
IB US Connected Orders_payments,IB US QCB - Deep Cleaner Announcements.five9ivr
IB US Connected Troubleshooting,IB US QCB - Deep Cleaner Announcements.five9ivr
IB US Deep Cleaner Sales,IB US QCB - Deep Cleaner Announcements.five9ivr
IB US Deep Cleaners,IB US QCB - Deep Cleaner Announcements.five9ivr
IB US Other Products,IB US QCB - Other Announcements.five9ivr
IB US Other Products Sales,IB US QCB - Other Announcements.five9ivr
IB US Robot Recal,AA US Robot Recal - StudioVoice - V2 - EBS Maintenance.five9ivr
IB US Steam,IB US QCB - Steam Announcements.five9ivr
IB US Steam Sales,IB US QCB - Steam Announcements.five9ivr
IB US Vacuum Sales,IB US QCB - Vacuum Announcements.five9ivr
IB US Vacuums,IB US QCB - Vacuum Announcements.five9ivr
IB Walmart,IB Walmart.five9ivr
